name,duration_train_ms,duration_val_ms,training_accuracy,validation_accuracy,num_train_samples,num_val_samples
KNN,0.807762146,3.046274185,0.975570033,0.956521739,614,69
Decision Tree,0.748634338,0.112056732,0.959283388,0.956521739,614,69
Random Forest,103.2030582,8.610725403,0.978827362,0.985507246,614,69
Polynomial SVM,1.483440399,0.200510025,0.970684039,0.971014493,614,69
RBF SVM,2.147436142,0.36072731,0.975570033,0.985507246,614,69
NN with Sigmoid,1243.471861,149.0030289,0.970684052,0.956521749,614,69
NN with ReLU,1090.692043,118.9296246,0.980456054,0.9710145,614,69
