name,duration_train_ms,duration_val_ms,training_accuracy,validation_accuracy,num_train_samples,num_val_samples
KNN,0.827074051,2.959728241,0.971383148,0.971428571,629,70
Decision Tree,0.947713852,0.109910965,0.982511924,0.928571429,629,70
Random Forest,102.9725075,7.789611816,0.980922099,0.957142857,629,70
Polynomial SVM,2.346515656,0.219345093,0.974562798,0.942857143,629,70
RBF SVM,2.303361893,0.351667404,0.972972973,0.957142857,629,70
NN with Sigmoid,1111.966848,129.4369698,0.968203485,0.985714257,629,70
NN with ReLU,999.5474815,111.8695736,0.979332268,0.95714283,629,70
