name,duration_train_ms,duration_val_ms,training_accuracy,validation_accuracy,num_train_samples,num_val_samples
KNN,0.9458065032958984,3.5762786865234375,0.9713831478537361,0.9714285714285714,629,70
Decision Tree,1.3992786407470703,0.1742839813232422,0.9825119236883942,0.9285714285714286,629,70
Random Forest,242.82526969909668,25.348663330078125,0.9809220985691574,0.9571428571428572,629,70
Polynomial SVM,5.9871673583984375,0.5543231964111328,0.9745627980922098,0.9428571428571428,629,70
RBF SVM,6.365060806274414,0.9877681732177734,0.972972972972973,0.9571428571428572,629,70
Ridge Classifier,4.20069694519043,0.3314018249511719,0.9570747217806042,0.9714285714285714,629,70
AdaBoost Classifier,209.29694175720215,32.906293869018555,0.9984101748807631,0.9428571428571428,629,70
NN with Sigmoid,2730.975389480591,321.6385841369629,0.9634340405464172,0.9857142567634583,629,70
NN with ReLU,2572.7381706237793,314.50629234313965,0.9713831543922424,0.9571428298950195,629,70
